iso3,year,outcome_main,treatment_event,acled_event_count,acled_fatalities_sum,refugees_under_mandate,asylum_seekers,idps,total_displaced,acled_period_flag,source_note
EGY,2000,4.09609057659976,0.0,0.0,0.0,3954.0,1151.0,0.0,5105.0,False,UNHCR population API (origin-based annual aggregates)
EGY,2001,1.35955211640928,0.0,0.0,0.0,4677.0,1442.0,0.0,6119.0,False,UNHCR population API (origin-based annual aggregates)
EGY,2002,0.258696268364815,0.0,0.0,0.0,6442.0,1825.0,0.0,8267.0,False,UNHCR population API (origin-based annual aggregates)
EGY,2003,1.05358246778609,0.0,0.0,0.0,5734.0,2019.0,0.0,7753.0,False,UNHCR population API (origin-based annual aggregates)
EGY,2004,1.96524683873078,0.0,0.0,0.0,5361.0,2242.0,0.0,7603.0,False,UNHCR population API (origin-based annual aggregates)
EGY,2005,2.38032461797421,0.0,0.0,0.0,6288.0,2327.0,0.0,8615.0,False,UNHCR population API (origin-based annual aggregates)
EGY,2006,4.77751297935043,0.0,0.0,0.0,7608.0,1675.0,0.0,9283.0,False,UNHCR population API (origin-based annual aggregates)
EGY,2007,5.0854672784842,0.0,0.0,0.0,6789.0,1614.0,0.0,8403.0,False,UNHCR population API (origin-based annual aggregates)
EGY,2008,5.17381069878276,0.0,0.0,0.0,6777.0,1803.0,0.0,8580.0,False,UNHCR population API (origin-based annual aggregates)
EGY,2009,2.7155259206418,0.0,0.0,0.0,6983.0,1626.0,0.0,8609.0,False,UNHCR population API (origin-based annual aggregates)
EGY,2010,3.14977851168294,0.0,0.0,0.0,6903.0,1571.0,0.0,8474.0,False,UNHCR population API (origin-based annual aggregates)
EGY,2011,-0.354646267702748,0.0,0.0,0.0,7922.0,2613.0,0.0,10535.0,False,UNHCR population API (origin-based annual aggregates)
EGY,2012,-0.0429670178954922,0.0,0.0,0.0,10014.0,4118.0,0.0,14132.0,False,UNHCR population API (origin-based annual aggregates)
EGY,2013,-0.14323388107762,0.0,0.0,0.0,12804.0,9478.0,0.0,22282.0,False,UNHCR population API (origin-based annual aggregates)
EGY,2014,0.599558564006458,0.0,0.0,0.0,15899.0,10816.0,0.0,26715.0,False,UNHCR population API (origin-based annual aggregates)
EGY,2015,2.20415858015615,0.0,0.0,0.0,17929.0,12142.0,0.0,30071.0,False,UNHCR population API (origin-based annual aggregates)
EGY,2016,2.24497375649698,0.0,0.0,0.0,19792.0,13026.0,0.0,32818.0,False,UNHCR population API (origin-based annual aggregates)
EGY,2017,2.12015477172733,0.0,0.0,0.0,22106.0,14588.0,0.0,36694.0,False,UNHCR population API (origin-based annual aggregates)
EGY,2018,3.35166753247044,497.0,497.0,0.0,24850.0,16760.0,0.0,41610.0,True,UNHCR population API (origin-based annual aggregates)
EGY,2019,3.71584088573542,705.0,705.0,0.0,27416.0,16627.0,0.0,44043.0,True,UNHCR population API (origin-based annual aggregates)
EGY,2020,1.88111975917718,644.0,644.0,0.0,26553.0,16313.0,0.0,42866.0,True,UNHCR population API (origin-based annual aggregates)
EGY,2021,1.76220484283698,313.0,313.0,0.0,27498.0,21016.0,0.0,48514.0,True,UNHCR population API (origin-based annual aggregates)
EGY,2022,5.01555864991792,248.0,248.0,0.0,24390.0,27834.0,0.0,52224.0,True,UNHCR population API (origin-based annual aggregates)
EGY,2023,2.02315842412948,207.0,207.0,0.0,23160.0,46356.0,0.0,69516.0,True,UNHCR population API (origin-based annual aggregates)
EGY,2024,0.639636335125445,129.0,129.0,0.0,23736.0,55917.0,0.0,79653.0,True,UNHCR population API (origin-based annual aggregates)
IRQ,2000,13.0301611362924,0.0,0.0,0.0,526165.0,40630.0,0.0,566795.0,False,UNHCR population API (origin-based annual aggregates)
IRQ,2001,-1.35847551126994,0.0,0.0,0.0,530508.0,34826.0,0.0,565334.0,False,UNHCR population API (origin-based annual aggregates)
IRQ,2002,-11.0582696179366,0.0,0.0,0.0,422504.0,29641.0,0.0,452145.0,False,UNHCR population API (origin-based annual aggregates)
IRQ,2003,-38.5382182871903,0.0,0.0,0.0,368577.0,31591.0,0.0,400168.0,False,UNHCR population API (origin-based annual aggregates)
IRQ,2004,49.0738525824483,0.0,0.0,0.0,311889.0,30619.0,0.0,342508.0,False,UNHCR population API (origin-based annual aggregates)
IRQ,2005,-1.29394759634579,0.0,0.0,0.0,262302.0,34438.0,1200000.0,1496740.0,False,UNHCR population API (origin-based annual aggregates)
IRQ,2006,4.86652515076509,0.0,0.0,0.0,1450908.0,47294.0,1834368.0,3332570.0,False,UNHCR population API (origin-based annual aggregates)
IRQ,2007,2.69566336957755,0.0,0.0,0.0,2309246.0,27667.0,2385865.0,4722778.0,False,UNHCR population API (origin-based annual aggregates)
IRQ,2008,6.06351402987207,0.0,0.0,0.0,1903516.0,25654.0,2647251.0,4576421.0,False,UNHCR population API (origin-based annual aggregates)
IRQ,2009,-0.359808708496018,0.0,0.0,0.0,1785215.0,22372.0,1552003.0,3359590.0,False,UNHCR population API (origin-based annual aggregates)
IRQ,2010,3.01924651269078,0.0,0.0,0.0,1683576.0,29939.0,1343568.0,3057083.0,False,UNHCR population API (origin-based annual aggregates)
IRQ,2011,3.81441942451566,0.0,0.0,0.0,1428306.0,24485.0,1332382.0,2785173.0,False,UNHCR population API (origin-based annual aggregates)
IRQ,2012,8.88055394419878,0.0,0.0,0.0,746204.0,24239.0,1131810.0,1902253.0,False,UNHCR population API (origin-based annual aggregates)
IRQ,2013,2.6646473210161,0.0,0.0,0.0,401461.0,43145.0,954128.0,1398734.0,False,UNHCR population API (origin-based annual aggregates)
IRQ,2014,-1.2842545257663,0.0,0.0,0.0,369960.0,103724.0,3596356.0,4070040.0,False,UNHCR population API (origin-based annual aggregates)
IRQ,2015,-0.153622231589026,0.0,0.0,0.0,264086.0,237168.0,4403287.0,4904541.0,False,UNHCR population API (origin-based annual aggregates)
IRQ,2016,11.0984155585203,0.0,0.0,0.0,316056.0,278367.0,3604285.0,4198708.0,False,UNHCR population API (origin-based annual aggregates)
IRQ,2017,-3.98546687274897,0.0,0.0,0.0,362536.0,272627.0,2615988.0,3251151.0,False,UNHCR population API (origin-based annual aggregates)
IRQ,2018,0.267762550620816,3678.0,3678.0,0.0,372332.0,256716.0,1802832.0,2431880.0,True,UNHCR population API (origin-based annual aggregates)
IRQ,2019,3.14043943264693,3712.0,3712.0,0.0,336274.0,302731.0,1414632.0,2053637.0,True,UNHCR population API (origin-based annual aggregates)
IRQ,2020,-13.9675322686437,6307.0,6307.0,0.0,333200.0,272567.0,1224108.0,1829875.0,True,UNHCR population API (origin-based annual aggregates)
IRQ,2021,-0.74745630947109,7613.0,7613.0,0.0,343899.0,254454.0,1186556.0,1784909.0,True,UNHCR population API (origin-based annual aggregates)
IRQ,2022,5.51097802061808,7747.0,7747.0,0.0,287446.0,228961.0,1168619.0,1685026.0,True,UNHCR population API (origin-based annual aggregates)
IRQ,2023,-1.72015237086252,6531.0,6531.0,0.0,329032.0,192202.0,1123663.0,1644897.0,True,UNHCR population API (origin-based annual aggregates)
IRQ,2024,-3.6151190083088,9622.0,9622.0,0.0,305504.0,151623.0,1031475.0,1488602.0,True,UNHCR population API (origin-based annual aggregates)
JOR,2000,2.10734677821851,0.0,0.0,0.0,915.0,551.0,0.0,1466.0,False,UNHCR population API (origin-based annual aggregates)
JOR,2001,3.12682361391026,0.0,0.0,0.0,773.0,557.0,0.0,1330.0,False,UNHCR population API (origin-based annual aggregates)
JOR,2002,3.57676471497919,0.0,0.0,0.0,1280.0,723.0,0.0,2003.0,False,UNHCR population API (origin-based annual aggregates)
JOR,2003,1.88023738458077,0.0,0.0,0.0,1149.0,717.0,0.0,1866.0,False,UNHCR population API (origin-based annual aggregates)
JOR,2004,5.97888573730077,0.0,0.0,0.0,1158.0,703.0,0.0,1861.0,False,UNHCR population API (origin-based annual aggregates)
JOR,2005,5.50057037395844,0.0,0.0,0.0,1778.0,663.0,0.0,2441.0,False,UNHCR population API (origin-based annual aggregates)
JOR,2006,1.4032017956128,0.0,0.0,0.0,1592.0,758.0,0.0,2350.0,False,UNHCR population API (origin-based annual aggregates)
JOR,2007,1.84052436528839,0.0,0.0,0.0,1777.0,730.0,0.0,2507.0,False,UNHCR population API (origin-based annual aggregates)
JOR,2008,4.72560086199387,0.0,0.0,0.0,1882.0,743.0,0.0,2625.0,False,UNHCR population API (origin-based annual aggregates)
JOR,2009,2.79012172938629,0.0,0.0,0.0,2109.0,757.0,0.0,2866.0,False,UNHCR population API (origin-based annual aggregates)
JOR,2010,0.137449407888951,0.0,0.0,0.0,2248.0,610.0,0.0,2858.0,False,UNHCR population API (origin-based annual aggregates)
JOR,2011,0.218599818569089,0.0,0.0,0.0,2242.0,532.0,0.0,2774.0,False,UNHCR population API (origin-based annual aggregates)
JOR,2012,0.988823291779653,0.0,0.0,0.0,2363.0,622.0,0.0,2985.0,False,UNHCR population API (origin-based annual aggregates)
JOR,2013,-2.58592238614169,0.0,0.0,0.0,1622.0,927.0,0.0,2549.0,False,UNHCR population API (origin-based annual aggregates)
JOR,2014,-6.02217249989295,0.0,0.0,0.0,1711.0,1293.0,0.0,3004.0,False,UNHCR population API (origin-based annual aggregates)
JOR,2015,-5.58980174753611,0.0,0.0,0.0,1836.0,1829.0,0.0,3665.0,False,UNHCR population API (origin-based annual aggregates)
JOR,2016,-2.71126216102509,0.0,0.0,0.0,1919.0,2433.0,0.0,4352.0,False,UNHCR population API (origin-based annual aggregates)
JOR,2017,0.192083988017671,0.0,0.0,0.0,2119.0,3467.0,0.0,5586.0,False,UNHCR population API (origin-based annual aggregates)
JOR,2018,-0.302781677584093,795.0,795.0,0.0,2430.0,4119.0,0.0,6549.0,True,UNHCR population API (origin-based annual aggregates)
JOR,2019,-0.247049289948436,841.0,841.0,0.0,2308.0,4722.0,0.0,7030.0,True,UNHCR population API (origin-based annual aggregates)
JOR,2020,-2.86253982856009,381.0,381.0,0.0,2486.0,4984.0,0.0,7470.0,True,UNHCR population API (origin-based annual aggregates)
JOR,2021,1.77173055809841,404.0,404.0,0.0,2981.0,5795.0,0.0,8776.0,True,UNHCR population API (origin-based annual aggregates)
JOR,2022,0.915646680170994,461.0,461.0,0.0,3550.0,5667.0,0.0,9217.0,True,UNHCR population API (origin-based annual aggregates)
JOR,2023,1.23863426474166,455.0,455.0,0.0,3978.0,8207.0,0.0,12185.0,True,UNHCR population API (origin-based annual aggregates)
JOR,2024,1.48055685000026,332.0,332.0,0.0,4990.0,14273.0,0.0,19263.0,True,UNHCR population API (origin-based annual aggregates)
LBN,2000,-0.39180673260141,0.0,0.0,0.0,10208.0,1538.0,0.0,11746.0,False,UNHCR population API (origin-based annual aggregates)
LBN,2001,2.12758024747754,0.0,0.0,0.0,8754.0,1887.0,0.0,10641.0,False,UNHCR population API (origin-based annual aggregates)
LBN,2002,1.99615029951745,0.0,0.0,0.0,26313.0,2364.0,0.0,28677.0,False,UNHCR population API (origin-based annual aggregates)
LBN,2003,1.81278345572235,0.0,0.0,0.0,24929.0,2129.0,0.0,27058.0,False,UNHCR population API (origin-based annual aggregates)
LBN,2004,4.96833961304041,0.0,0.0,0.0,19854.0,1610.0,0.0,21464.0,False,UNHCR population API (origin-based annual aggregates)
LBN,2005,1.106879785513,0.0,0.0,0.0,18325.0,2004.0,0.0,20329.0,False,UNHCR population API (origin-based annual aggregates)
LBN,2006,-0.16111039140597,0.0,0.0,0.0,12249.0,3160.0,200000.0,215409.0,False,UNHCR population API (origin-based annual aggregates)
LBN,2007,7.21242419520836,0.0,0.0,0.0,13089.0,2560.0,70000.0,85649.0,False,UNHCR population API (origin-based annual aggregates)
LBN,2008,7.27020382429338,0.0,0.0,0.0,12966.0,2276.0,0.0,15242.0,False,UNHCR population API (origin-based annual aggregates)
LBN,2009,8.75424197439401,0.0,0.0,0.0,16250.0,1755.0,0.0,18005.0,False,UNHCR population API (origin-based annual aggregates)
LBN,2010,6.92562408092621,0.0,0.0,0.0,15864.0,1518.0,0.0,17382.0,False,UNHCR population API (origin-based annual aggregates)
LBN,2011,-0.215990101752055,0.0,0.0,0.0,15004.0,1384.0,0.0,16388.0,False,UNHCR population API (origin-based annual aggregates)
LBN,2012,-0.172272058447192,0.0,0.0,0.0,15100.0,1976.0,0.0,17076.0,False,UNHCR population API (origin-based annual aggregates)
LBN,2013,-5.35004515636365,0.0,0.0,0.0,3809.0,2730.0,0.0,6539.0,False,UNHCR population API (origin-based annual aggregates)
LBN,2014,-7.26145145442744,0.0,0.0,0.0,4262.0,3833.0,0.0,8095.0,False,UNHCR population API (origin-based annual aggregates)
LBN,2015,-1.48529943559267,0.0,0.0,0.0,4353.0,5985.0,0.0,10338.0,False,UNHCR population API (origin-based annual aggregates)
LBN,2016,3.95420458700914,0.0,0.0,0.0,4719.0,8484.0,0.0,13203.0,False,UNHCR population API (origin-based annual aggregates)
LBN,2017,3.57185811074811,0.0,0.0,0.0,5301.0,9285.0,0.0,14586.0,False,UNHCR population API (origin-based annual aggregates)
LBN,2018,1.00112836973221,577.0,577.0,0.0,5620.0,8058.0,0.0,13678.0,True,UNHCR population API (origin-based annual aggregates)
LBN,2019,-3.87037166908469,3598.0,3598.0,0.0,5647.0,8032.0,0.0,13679.0,True,UNHCR population API (origin-based annual aggregates)
LBN,2020,-20.1290983815185,2992.0,2992.0,0.0,5495.0,7964.0,0.0,13459.0,True,UNHCR population API (origin-based annual aggregates)
LBN,2021,-7.25697163046323,3214.0,3214.0,0.0,6061.0,8873.0,0.0,14934.0,True,UNHCR population API (origin-based annual aggregates)
LBN,2022,-1.07782192621244,1303.0,1303.0,0.0,6794.0,10289.0,0.0,17083.0,True,UNHCR population API (origin-based annual aggregates)
LBN,2023,-1.25912842069158,3191.0,3191.0,0.0,7392.0,9793.0,0.0,17185.0,True,UNHCR population API (origin-based annual aggregates)
LBN,2024,,14593.0,14593.0,0.0,9534.0,12125.0,123774.0,145433.0,True,UNHCR population API (origin-based annual aggregates)
LBY,2000,1.97930843294741,0.0,0.0,0.0,603.0,531.0,0.0,1134.0,False,UNHCR population API (origin-based annual aggregates)
LBY,2001,-3.55569593532938,0.0,0.0,0.0,877.0,484.0,0.0,1361.0,False,UNHCR population API (origin-based annual aggregates)
LBY,2002,-2.84267783712218,0.0,0.0,0.0,1443.0,922.0,0.0,2365.0,False,UNHCR population API (origin-based annual aggregates)
LBY,2003,10.7838721756603,0.0,0.0,0.0,1553.0,898.0,0.0,2451.0,False,UNHCR population API (origin-based annual aggregates)
LBY,2004,2.32576943782377,0.0,0.0,0.0,1696.0,811.0,0.0,2507.0,False,UNHCR population API (origin-based annual aggregates)
LBY,2005,9.53922388994984,0.0,0.0,0.0,1556.0,763.0,0.0,2319.0,False,UNHCR population API (origin-based annual aggregates)
LBY,2006,4.3383026664543,0.0,0.0,0.0,1557.0,657.0,0.0,2214.0,False,UNHCR population API (origin-based annual aggregates)
LBY,2007,4.06916207450483,0.0,0.0,0.0,1939.0,613.0,0.0,2552.0,False,UNHCR population API (origin-based annual aggregates)
LBY,2008,-2.26034195363675,0.0,0.0,0.0,2068.0,753.0,0.0,2821.0,False,UNHCR population API (origin-based annual aggregates)
LBY,2009,-6.37107364350932,0.0,0.0,0.0,2189.0,636.0,0.0,2825.0,False,UNHCR population API (origin-based annual aggregates)
LBY,2010,2.90736772244718,0.0,0.0,0.0,2297.0,558.0,0.0,2855.0,False,UNHCR population API (origin-based annual aggregates)
LBY,2011,-49.1278565212286,0.0,0.0,0.0,4372.0,1954.0,93565.0,99891.0,False,UNHCR population API (origin-based annual aggregates)
LBY,2012,91.7813702690939,0.0,0.0,0.0,5233.0,1894.0,59425.0,66552.0,False,UNHCR population API (origin-based annual aggregates)
LBY,2013,-19.6276937990081,0.0,0.0,0.0,3298.0,2068.0,53579.0,58945.0,False,UNHCR population API (origin-based annual aggregates)
LBY,2014,-24.5110536856449,0.0,0.0,0.0,4187.0,3886.0,363067.0,371140.0,False,UNHCR population API (origin-based annual aggregates)
LBY,2015,-2.43005265175647,0.0,0.0,0.0,6077.0,6042.0,434869.0,446988.0,False,UNHCR population API (origin-based annual aggregates)
LBY,2016,-2.98083261952721,0.0,0.0,0.0,8831.0,6521.0,174510.0,189862.0,False,UNHCR population API (origin-based annual aggregates)
LBY,2017,30.3950611263495,0.0,0.0,0.0,11205.0,6842.0,180937.0,198984.0,False,UNHCR population API (origin-based annual aggregates)
LBY,2018,6.20327204937865,797.0,797.0,0.0,13868.0,6786.0,170491.0,191145.0,True,UNHCR population API (origin-based annual aggregates)
LBY,2019,-12.4989174222368,1472.0,1472.0,0.0,16033.0,5986.0,355672.0,377691.0,True,UNHCR population API (origin-based annual aggregates)
LBY,2020,-30.4001717408883,1414.0,1414.0,0.0,17523.0,5440.0,278177.0,301140.0,True,UNHCR population API (origin-based annual aggregates)
LBY,2021,26.6853936559494,264.0,264.0,0.0,19090.0,5717.0,179047.0,203854.0,True,UNHCR population API (origin-based annual aggregates)
LBY,2022,-9.42490206992071,260.0,260.0,0.0,17811.0,6076.0,161613.0,185500.0,True,UNHCR population API (origin-based annual aggregates)
LBY,2023,8.96534736140164,201.0,201.0,0.0,17958.0,6054.0,125802.0,149814.0,True,UNHCR population API (origin-based annual aggregates)
LBY,2024,0.859500182813605,567.0,567.0,0.0,17235.0,6358.0,32791.0,56384.0,True,UNHCR population API (origin-based annual aggregates)
MAR,2000,1.11923449171742,0.0,0.0,0.0,394.0,183.0,0.0,577.0,False,UNHCR population API (origin-based annual aggregates)
MAR,2001,6.22462901700752,0.0,0.0,0.0,357.0,270.0,0.0,627.0,False,UNHCR population API (origin-based annual aggregates)
MAR,2002,2.33486055707684,0.0,0.0,0.0,1266.0,294.0,0.0,1560.0,False,UNHCR population API (origin-based annual aggregates)
MAR,2003,4.79759279351288,0.0,0.0,0.0,1291.0,263.0,0.0,1554.0,False,UNHCR population API (origin-based annual aggregates)
MAR,2004,3.20713471239438,0.0,0.0,0.0,1313.0,251.0,0.0,1564.0,False,UNHCR population API (origin-based annual aggregates)
MAR,2005,1.78494971981462,0.0,0.0,0.0,2914.0,449.0,0.0,3363.0,False,UNHCR population API (origin-based annual aggregates)
MAR,2006,6.31205425044466,0.0,0.0,0.0,4699.0,582.0,0.0,5281.0,False,UNHCR population API (origin-based annual aggregates)
MAR,2007,2.03302704420354,0.0,0.0,0.0,4036.0,463.0,0.0,4499.0,False,UNHCR population API (origin-based annual aggregates)
MAR,2008,4.24978033517071,0.0,0.0,0.0,3520.0,526.0,0.0,4046.0,False,UNHCR population API (origin-based annual aggregates)
MAR,2009,2.34392549842086,0.0,0.0,0.0,2277.0,603.0,0.0,2880.0,False,UNHCR population API (origin-based annual aggregates)
MAR,2010,2.07976488720576,0.0,0.0,0.0,2276.0,832.0,0.0,3108.0,False,UNHCR population API (origin-based annual aggregates)
MAR,2011,4.06561020586629,0.0,0.0,0.0,2305.0,1134.0,0.0,3439.0,False,UNHCR population API (origin-based annual aggregates)
MAR,2012,1.66384638357194,0.0,0.0,0.0,2394.0,1759.0,0.0,4153.0,False,UNHCR population API (origin-based annual aggregates)
MAR,2013,2.7578648778037,0.0,0.0,0.0,1290.0,2864.0,0.0,4154.0,False,UNHCR population API (origin-based annual aggregates)
MAR,2014,1.43852495314533,0.0,0.0,0.0,1523.0,3221.0,0.0,4744.0,False,UNHCR population API (origin-based annual aggregates)
MAR,2015,3.10634719191513,0.0,0.0,0.0,1760.0,5575.0,0.0,7335.0,False,UNHCR population API (origin-based annual aggregates)
MAR,2016,-0.693616602037565,0.0,0.0,0.0,2240.0,7251.0,0.0,9491.0,False,UNHCR population API (origin-based annual aggregates)
MAR,2017,3.78371209116371,0.0,0.0,0.0,3089.0,6853.0,0.0,9942.0,False,UNHCR population API (origin-based annual aggregates)
MAR,2018,1.91410663270995,238.0,238.0,0.0,3873.0,8163.0,0.0,12036.0,True,UNHCR population API (origin-based annual aggregates)
MAR,2019,1.81642055572905,877.0,877.0,0.0,4642.0,8322.0,0.0,12964.0,True,UNHCR population API (origin-based annual aggregates)
MAR,2020,-8.13866950405836,1385.0,1385.0,0.0,4467.0,8239.0,0.0,12706.0,True,UNHCR population API (origin-based annual aggregates)
MAR,2021,7.0606299574828,1641.0,1641.0,0.0,5385.0,12632.0,0.0,18017.0,True,UNHCR population API (origin-based annual aggregates)
MAR,2022,0.779078150413596,1455.0,1455.0,0.0,10435.0,18121.0,0.0,28556.0,True,UNHCR population API (origin-based annual aggregates)
MAR,2023,2.58793464682357,2214.0,2214.0,0.0,8827.0,17328.0,0.0,26155.0,True,UNHCR population API (origin-based annual aggregates)
MAR,2024,2.77494467917541,3725.0,3725.0,0.0,10609.0,20302.0,0.0,30911.0,True,UNHCR population API (origin-based annual aggregates)
SAU,2000,0.150492543589365,0.0,0.0,0.0,77.0,41.0,0.0,118.0,False,UNHCR population API (origin-based annual aggregates)
SAU,2001,-4.74097088807815,0.0,0.0,0.0,29.0,147.0,0.0,176.0,False,UNHCR population API (origin-based annual aggregates)
SAU,2002,-5.50962678622284,0.0,0.0,0.0,104.0,105.0,0.0,209.0,False,UNHCR population API (origin-based annual aggregates)
SAU,2003,3.69783168216851,0.0,0.0,0.0,232.0,99.0,0.0,331.0,False,UNHCR population API (origin-based annual aggregates)
SAU,2004,3.75594009248144,0.0,0.0,0.0,212.0,83.0,0.0,295.0,False,UNHCR population API (origin-based annual aggregates)
SAU,2005,1.35662290420511,0.0,0.0,0.0,146.0,65.0,0.0,211.0,False,UNHCR population API (origin-based annual aggregates)
SAU,2006,-1.01590810452811,0.0,0.0,0.0,609.0,42.0,0.0,651.0,False,UNHCR population API (origin-based annual aggregates)
SAU,2007,-1.94086075361376,0.0,0.0,0.0,737.0,30.0,0.0,767.0,False,UNHCR population API (origin-based annual aggregates)
SAU,2008,2.04298819113291,0.0,0.0,0.0,700.0,33.0,0.0,733.0,False,UNHCR population API (origin-based annual aggregates)
SAU,2009,-4.86501611210622,0.0,0.0,0.0,629.0,43.0,0.0,672.0,False,UNHCR population API (origin-based annual aggregates)
SAU,2010,6.08720360847519,0.0,0.0,0.0,659.0,75.0,0.0,734.0,False,UNHCR population API (origin-based annual aggregates)
SAU,2011,6.79984191573597,0.0,0.0,0.0,733.0,103.0,0.0,836.0,False,UNHCR population API (origin-based annual aggregates)
SAU,2012,1.40889754697817,0.0,0.0,0.0,811.0,141.0,0.0,952.0,False,UNHCR population API (origin-based annual aggregates)
SAU,2013,-2.47720466086211,0.0,0.0,0.0,575.0,192.0,0.0,767.0,False,UNHCR population API (origin-based annual aggregates)
SAU,2014,1.5065962283723,0.0,0.0,0.0,616.0,380.0,0.0,996.0,False,UNHCR population API (origin-based annual aggregates)
SAU,2015,-0.634810334471936,0.0,0.0,0.0,686.0,561.0,0.0,1247.0,False,UNHCR population API (origin-based annual aggregates)
SAU,2016,-2.03439520588341,0.0,0.0,0.0,937.0,987.0,0.0,1924.0,False,UNHCR population API (origin-based annual aggregates)
SAU,2017,1.10646877226159,0.0,0.0,0.0,1219.0,1247.0,0.0,2466.0,False,UNHCR population API (origin-based annual aggregates)
SAU,2018,5.89707730206987,862.0,862.0,0.0,1492.0,1436.0,0.0,2928.0,True,UNHCR population API (origin-based annual aggregates)
SAU,2019,2.09953683085793,298.0,298.0,0.0,1721.0,1410.0,0.0,3131.0,True,UNHCR population API (origin-based annual aggregates)
SAU,2020,-8.3434729070232,121.0,121.0,0.0,2003.0,1249.0,0.0,3252.0,True,UNHCR population API (origin-based annual aggregates)
SAU,2021,9.17745692710805,241.0,241.0,0.0,2167.0,1541.0,0.0,3708.0,True,UNHCR population API (origin-based annual aggregates)
SAU,2022,7.15912905732745,63.0,63.0,0.0,1942.0,2537.0,0.0,4479.0,True,UNHCR population API (origin-based annual aggregates)
SAU,2023,-4.01429387790023,24.0,24.0,0.0,2090.0,1640.0,0.0,3730.0,True,UNHCR population API (origin-based annual aggregates)
SAU,2024,-2.61945058525819,5.0,5.0,0.0,2332.0,1539.0,0.0,3871.0,True,UNHCR population API (origin-based annual aggregates)
SYR,2000,-1.80421522520456,0.0,0.0,0.0,5868.0,3730.0,0.0,9598.0,False,UNHCR population API (origin-based annual aggregates)
SYR,2001,-1.40284325455362,0.0,0.0,0.0,4861.0,3853.0,0.0,8714.0,False,UNHCR population API (origin-based annual aggregates)
SYR,2002,1.47328181768793,0.0,0.0,0.0,18908.0,4264.0,0.0,23172.0,False,UNHCR population API (origin-based annual aggregates)
SYR,2003,4.68174171715712,0.0,0.0,0.0,20816.0,3548.0,0.0,24364.0,False,UNHCR population API (origin-based annual aggregates)
SYR,2004,4.2935988060548,0.0,0.0,0.0,21430.0,3781.0,0.0,25211.0,False,UNHCR population API (origin-based annual aggregates)
SYR,2005,3.52095168365396,0.0,0.0,0.0,16395.0,6992.0,0.0,23387.0,False,UNHCR population API (origin-based annual aggregates)
SYR,2006,0.644012233201963,0.0,0.0,0.0,12327.0,7493.0,0.0,19820.0,False,UNHCR population API (origin-based annual aggregates)
SYR,2007,-0.635804298088587,0.0,0.0,0.0,13684.0,6849.0,0.0,20533.0,False,UNHCR population API (origin-based annual aggregates)
SYR,2008,0.843363715439807,0.0,0.0,0.0,15206.0,5978.0,0.0,21184.0,False,UNHCR population API (origin-based annual aggregates)
SYR,2009,4.27155320051828,0.0,0.0,0.0,17915.0,5559.0,0.0,23474.0,False,UNHCR population API (origin-based annual aggregates)
SYR,2010,2.82697106833621,0.0,0.0,0.0,18451.0,9739.0,0.0,28190.0,False,UNHCR population API (origin-based annual aggregates)
SYR,2011,1.07121071780338,0.0,0.0,0.0,19931.0,14441.0,0.0,34372.0,False,UNHCR population API (origin-based annual aggregates)
SYR,2012,-25.9560309972065,0.0,0.0,0.0,729011.0,26016.0,2016500.0,2771527.0,False,UNHCR population API (origin-based annual aggregates)
SYR,2013,-22.5827773307621,0.0,0.0,0.0,2468323.0,41019.0,6520800.0,9030142.0,False,UNHCR population API (origin-based annual aggregates)
SYR,2014,-4.14663574302196,0.0,0.0,0.0,3887490.0,79649.0,7632500.0,11599639.0,False,UNHCR population API (origin-based annual aggregates)
SYR,2015,0.0084650386573628,0.0,0.0,0.0,4873236.0,245857.0,6563462.0,11682555.0,False,UNHCR population API (origin-based annual aggregates)
SYR,2016,-5.28022453338099,0.0,0.0,0.0,5524511.0,184337.0,6325978.0,12034826.0,False,UNHCR population API (origin-based annual aggregates)
SYR,2017,-0.882509407808485,0.0,0.0,0.0,6310498.0,147179.0,6150005.0,12607682.0,False,UNHCR population API (origin-based annual aggregates)
SYR,2018,-0.435918888364867,20866.0,20866.0,0.0,6654374.0,139576.0,6183920.0,12977870.0,True,UNHCR population API (origin-based annual aggregates)
SYR,2019,-2.63689452644155,20062.0,20062.0,0.0,6615249.0,118450.0,6146994.0,12880693.0,True,UNHCR population API (origin-based annual aggregates)
SYR,2020,-3.98011071488936,12454.0,12454.0,0.0,6702910.0,107085.0,6701972.0,13511967.0,True,UNHCR population API (origin-based annual aggregates)
SYR,2021,-0.874333294023842,10830.0,10830.0,0.0,6848865.0,139754.0,6865308.0,13853927.0,True,UNHCR population API (origin-based annual aggregates)
SYR,2022,-3.00434829701605,12421.0,12421.0,0.0,6559736.0,156616.0,6780994.0,13497346.0,True,UNHCR population API (origin-based annual aggregates)
SYR,2023,,12827.0,12827.0,0.0,6355788.0,182954.0,7248188.0,13786930.0,True,UNHCR population API (origin-based annual aggregates)
SYR,2024,,15882.0,15882.0,0.0,5952174.0,167334.0,7408909.0,13528417.0,True,UNHCR population API (origin-based annual aggregates)
TUN,2000,3.54145974209786,0.0,0.0,0.0,1205.0,366.0,0.0,1571.0,False,UNHCR population API (origin-based annual aggregates)
TUN,2001,2.6947331733366,0.0,0.0,0.0,1364.0,396.0,0.0,1760.0,False,UNHCR population API (origin-based annual aggregates)
TUN,2002,0.287760873614303,0.0,0.0,0.0,2543.0,432.0,0.0,2975.0,False,UNHCR population API (origin-based annual aggregates)
TUN,2003,3.66160593216975,0.0,0.0,0.0,2562.0,370.0,0.0,2932.0,False,UNHCR population API (origin-based annual aggregates)
TUN,2004,5.24794746880204,0.0,0.0,0.0,2511.0,343.0,0.0,2854.0,False,UNHCR population API (origin-based annual aggregates)
TUN,2005,2.58534081098441,0.0,0.0,0.0,3120.0,357.0,0.0,3477.0,False,UNHCR population API (origin-based annual aggregates)
TUN,2006,4.31907482857264,0.0,0.0,0.0,2835.0,358.0,0.0,3193.0,False,UNHCR population API (origin-based annual aggregates)
TUN,2007,5.73567938504127,0.0,0.0,0.0,2488.0,334.0,0.0,2822.0,False,UNHCR population API (origin-based annual aggregates)
TUN,2008,3.23983058347032,0.0,0.0,0.0,2334.0,352.0,0.0,2686.0,False,UNHCR population API (origin-based annual aggregates)
TUN,2009,1.99812423215356,0.0,0.0,0.0,2237.0,488.0,0.0,2725.0,False,UNHCR population API (origin-based annual aggregates)
TUN,2010,1.86835635362381,0.0,0.0,0.0,2159.0,537.0,0.0,2696.0,False,UNHCR population API (origin-based annual aggregates)
TUN,2011,-3.1268978636142,0.0,0.0,0.0,1930.0,1598.0,0.0,3528.0,False,UNHCR population API (origin-based annual aggregates)
TUN,2012,3.04657312459409,0.0,0.0,0.0,1918.0,2279.0,0.0,4197.0,False,UNHCR population API (origin-based annual aggregates)
TUN,2013,1.2189966874892,0.0,0.0,0.0,1359.0,1785.0,0.0,3144.0,False,UNHCR population API (origin-based annual aggregates)
TUN,2014,1.87486431059185,0.0,0.0,0.0,1476.0,1782.0,0.0,3258.0,False,UNHCR population API (origin-based annual aggregates)
TUN,2015,-0.165402101671091,0.0,0.0,0.0,1554.0,2329.0,0.0,3883.0,False,UNHCR population API (origin-based annual aggregates)
TUN,2016,0.0084982715857364,0.0,0.0,0.0,1687.0,2062.0,0.0,3749.0,False,UNHCR population API (origin-based annual aggregates)
TUN,2017,1.18340493178839,0.0,0.0,0.0,1826.0,2330.0,0.0,4156.0,False,UNHCR population API (origin-based annual aggregates)
TUN,2018,1.60391587948506,714.0,714.0,0.0,1985.0,2749.0,0.0,4734.0,True,UNHCR population API (origin-based annual aggregates)
TUN,2019,0.613127731689971,1461.0,1461.0,0.0,2068.0,2668.0,0.0,4736.0,True,UNHCR population API (origin-based annual aggregates)
TUN,2020,-9.72752601384167,1774.0,1774.0,0.0,1636.0,2829.0,0.0,4465.0,True,UNHCR population API (origin-based annual aggregates)
TUN,2021,4.08785924151975,1352.0,1352.0,0.0,2201.0,4012.0,0.0,6213.0,True,UNHCR population API (origin-based annual aggregates)
TUN,2022,2.15276458662672,860.0,860.0,0.0,2691.0,7923.0,0.0,10614.0,True,UNHCR population API (origin-based annual aggregates)
TUN,2023,-0.481913639518325,774.0,774.0,0.0,2800.0,9194.0,0.0,11994.0,True,UNHCR population API (origin-based annual aggregates)
TUN,2024,0.979801739421518,585.0,585.0,0.0,3593.0,11415.0,0.0,15008.0,True,UNHCR population API (origin-based annual aggregates)
YEM,2000,2.96401092010485,0.0,0.0,0.0,2104.0,848.0,0.0,2952.0,False,UNHCR population API (origin-based annual aggregates)
YEM,2001,0.714060018641518,0.0,0.0,0.0,1976.0,743.0,0.0,2719.0,False,UNHCR population API (origin-based annual aggregates)
YEM,2002,0.89755669377989,0.0,0.0,0.0,1595.0,633.0,0.0,2228.0,False,UNHCR population API (origin-based annual aggregates)
YEM,2003,0.743278418900516,0.0,0.0,0.0,1588.0,474.0,0.0,2062.0,False,UNHCR population API (origin-based annual aggregates)
YEM,2004,0.966767059770078,0.0,0.0,0.0,1599.0,338.0,0.0,1937.0,False,UNHCR population API (origin-based annual aggregates)
YEM,2005,2.37203185301995,0.0,0.0,0.0,1322.0,411.0,0.0,1733.0,False,UNHCR population API (origin-based annual aggregates)
YEM,2006,-0.129375630986743,0.0,0.0,0.0,1364.0,351.0,0.0,1715.0,False,UNHCR population API (origin-based annual aggregates)
YEM,2007,0.045109908702031,0.0,0.0,0.0,1621.0,306.0,77000.0,78927.0,False,UNHCR population API (origin-based annual aggregates)
YEM,2008,0.370978630255152,0.0,0.0,0.0,1764.0,464.0,100000.0,102228.0,False,UNHCR population API (origin-based annual aggregates)
YEM,2009,0.598210143519466,0.0,0.0,0.0,1927.0,602.0,250000.0,252529.0,False,UNHCR population API (origin-based annual aggregates)
YEM,2010,4.3735077841587,0.0,0.0,0.0,2070.0,614.0,220994.0,223678.0,False,UNHCR population API (origin-based annual aggregates)
YEM,2011,-15.3366875285688,0.0,0.0,0.0,2321.0,1152.0,347295.0,350768.0,False,UNHCR population API (origin-based annual aggregates)
YEM,2012,-0.670663085005188,0.0,0.0,0.0,2582.0,1581.0,385320.0,389483.0,False,UNHCR population API (origin-based annual aggregates)
YEM,2013,1.67911232409898,0.0,0.0,0.0,2413.0,1868.0,306614.0,310895.0,False,UNHCR population API (origin-based annual aggregates)
YEM,2014,-3.20471705643189,0.0,0.0,0.0,2623.0,2716.0,334093.0,339432.0,False,UNHCR population API (origin-based annual aggregates)
YEM,2015,-30.1507550992904,0.0,0.0,0.0,15901.0,10056.0,2532032.0,2557989.0,False,UNHCR population API (origin-based annual aggregates)
YEM,2016,-12.0553743505045,0.0,0.0,0.0,18427.0,15870.0,2025060.0,2059357.0,False,UNHCR population API (origin-based annual aggregates)
YEM,2017,-7.88861205244282,0.0,0.0,0.0,23555.0,24629.0,2014062.0,2062246.0,False,UNHCR population API (origin-based annual aggregates)
YEM,2018,-2.186490192267,11481.0,11481.0,0.0,31145.0,35876.0,2144719.0,2211740.0,True,UNHCR population API (origin-based annual aggregates)
YEM,2019,,11851.0,11851.0,0.0,36522.0,34328.0,3625716.0,3696566.0,True,UNHCR population API (origin-based annual aggregates)
YEM,2020,,11911.0,11911.0,0.0,32433.0,34870.0,4002012.0,4069315.0,True,UNHCR population API (origin-based annual aggregates)
YEM,2021,,8849.0,8849.0,0.0,37615.0,35462.0,4288739.0,4361816.0,True,UNHCR population API (origin-based annual aggregates)
YEM,2022,,8098.0,8098.0,0.0,40147.0,33524.0,4523022.0,4596693.0,True,UNHCR population API (origin-based annual aggregates)
YEM,2023,,7672.0,7672.0,0.0,48044.0,33521.0,4516341.0,4597906.0,True,UNHCR population API (origin-based annual aggregates)
YEM,2024,,12833.0,12833.0,0.0,51384.0,32810.0,4795983.0,4880177.0,True,UNHCR population API (origin-based annual aggregates)
